{
 "templeR0013": [
  [
   0.9999999935864653,
   -0.00010724797843489795,
   3.639973072366665e-05,
   -1.0200512005557725e-05
  ],
  [
   0.00010724734368632897,
   0.9999999940969306,
   1.7439780282040508e-05,
   3.4364727119508244e-06
  ],
  [
   -3.640160088999124e-05,
   -1.7435876395727292e-05,
   0.9999999991854568,
   -4.451988560436428e-06
  ]
 ],
 "templeR0042": [
  [
   -0.999874780302306,
   -0.010672917251145038,
   0.011683858641964811,
   0.047188927435670505
  ],
  [
   0.011542845065919604,
   -0.9969555516800266,
   0.0771128439506555,
   -0.9975387128244769
  ],
  [
   0.010825268735665668,
   0.07723805287372397,
   0.9969539090374627,
   0.0516014599726261
  ]
 ],
 "templeR0044": [
  [
   -0.9987538414404802,
   -0.04581203122233641,
   -0.01979954552932878,
   0.3538472250992501
  ],
  [
   0.03403082672575048,
   -0.9153315343665992,
   0.4012606198301166,
   -4.2666770071383535
  ],
  [
   -0.03650571243307321,
   0.40008679057095986,
   0.915749907436732,
   0.7763936400877327
  ]
 ],
 "templeR0032": [
  [
   0.9341374525435933,
   -0.22483367783746863,
   -0.2771949441556313,
   2.4960807499083852
  ],
  [
   -0.05637885959680264,
   0.6739412063988565,
   -0.7366306228417455,
   7.66607936623717
  ],
  [
   0.3524324672131247,
   0.7037421883244824,
   0.6168778553541523,
   -15.27421824993856
  ]
 ],
 "templeR0034": [
  [
   -0.8540105501065143,
   -0.4620806099751366,
   -0.23905541238753503,
   2.385913195053944
  ],
  [
   0.11909848259237782,
   -0.6209353837060474,
   0.7747611249320765,
   -8.117523459245204
  ],
  [
   -0.5064400574114984,
   0.6331830376335339,
   0.5853184681027999,
   2.8144774358622633
  ]
 ],
 "templeR0036": [
  [
   0.9551434565702555,
   -0.11386845939733882,
   -0.2733769400031783,
   2.5070079663141733
  ],
  [
   -0.1292925918038844,
   0.6701588434176547,
   -0.7308697218340253,
   7.8214450628976175
  ],
  [
   0.2664289831749896,
   0.7334310455275178,
   0.625375485912866,
   -15.642178632599265
  ]
 ],
 "templeR0038": [
  [
   -0.9807114875550875,
   -0.151019545206789,
   0.12408898074777645,
   -1.1372534600169386
  ],
  [
   0.1566648799563371,
   -0.22770589088286108,
   0.9610442979621227,
   -10.055191983037078
  ],
  [
   -0.11688068089189892,
   0.9619475683335227,
   0.24697324189366965,
   7.905723608884749
  ]
 ],
 "templeR0015": [
  [
   0.9990695847726679,
   -0.04215174417595423,
   0.009121142751528788,
   -0.09767978541511882
  ],
  [
   0.03735775353536,
   0.9515135130909039,
   0.3053300389024923,
   -3.1222505898781683
  ],
  [
   -0.021549084271962803,
   -0.304705209782063,
   0.9522029048993228,
   0.3964129411897065
  ]
 ],
 "templeR0017": [
  [
   0.9797281471473207,
   -0.17919365932896517,
   0.08956779635322339,
   -0.8695892006989633
  ],
  [
   0.07462585580676376,
   0.7413703353097892,
   0.6669340353946247,
   -6.768423872814621
  ],
  [
   -0.18591325754874455,
   -0.6467299733110761,
   0.7397138651456174,
   2.4055451262778593
  ]
 ],
 "templeR0019": [
  [
   -0.923997083064554,
   -0.2651927688753435,
   0.2755035132705652,
   -2.6160821067859903
  ],
  [
   -0.09855217939902475,
   -0.5309780129765349,
   -0.8416352046291751,
   8.573665169516188
  ],
  [
   0.36948187834303636,
   -0.8048199457466991,
   0.4644868098282041,
   -13.731155585301211
  ]
 ],
 "templeR0021": [
  [
   0.9687206991337942,
   -0.24752085718375866,
   0.017709667663466017,
   -0.13446377206310978
  ],
  [
   0.14142458854512557,
   0.6093153471575494,
   0.7802140049198791,
   -8.15066184319415
  ],
  [
   -0.2039100115849514,
   -0.7533048738573862,
   0.6252619244749617,
   3.6274562270778703
  ]
 ]
}