{
 "templeR0013": [
  [
   1.0,
   0.0,
   0.0,
   0.0
  ],
  [
   0.0,
   1.0,
   0.0,
   0.0
  ],
  [
   0.0,
   0.0,
   1.0,
   0.0
  ]
 ],
 "templeR0042": [
  [
   -0.9998748738201504,
   -0.010756643887864806,
   0.011598763529268755,
   0.047153800261121454
  ],
  [
   0.011619614203903068,
   -0.9969556627135275,
   0.07709987775077098,
   -0.9975478627045109
  ],
  [
   0.010734117052216906,
   0.07722500369505358,
   0.9969559055120784,
   0.05171828240184273
  ]
 ],
 "templeR0044": [
  [
   -0.998546542197574,
   -0.0503999597800522,
   -0.01909573563489137,
   0.3536560163735037
  ],
  [
   0.03856055012877062,
   -0.9156119293280404,
   0.40020979354077546,
   -4.267234179540356
  ],
  [
   -0.03765484084463918,
   0.3988917634225514,
   0.9162245762009509,
   0.7759201740436449
  ]
 ],
 "templeR0032": [
  [
   0.932331498214223,
   -0.23207820019340045,
   -0.27730432097717905,
   2.4951994446256496
  ],
  [
   -0.05187090173825318,
   0.6731062895215444,
   -0.7377244286042041,
   7.665982743218227
  ],
  [
   0.35786504019040877,
   0.7021877469747894,
   0.6155200898492155,
   -15.274664872480763
  ]
 ],
 "templeR0034": [
  [
   -0.8510951458699613,
   -0.4673321161008561,
   -0.23924411369412035,
   2.384940048519648
  ],
  [
   0.12319300171013084,
   -0.6207377460077703,
   0.7742791066604087,
   -8.118480045127777
  ],
  [
   -0.5103533452484043,
   0.6295119887197453,
   0.585878928663486,
   2.8133811519636285
  ]
 ],
 "templeR0036": [
  [
   0.9548018068087303,
   -0.11607769670331264,
   -0.27364114829980873,
   2.5069481340951896
  ],
  [
   -0.12812308620427254,
   0.6699672945091575,
   -0.7312511873970341,
   7.82189382534396
  ],
  [
   0.26821257333741216,
   0.7332597033903702,
   0.6248137505589884,
   -15.642613911767706
  ]
 ],
 "templeR0038": [
  [
   -0.9807449447174285,
   -0.1508671495296666,
   0.12400990526567464,
   -1.1371637397954162
  ],
  [
   0.15647531456529304,
   -0.22709856050564414,
   0.961218871926658,
   -10.055101676243535
  ],
  [
   -0.11685388030742054,
   0.9621150383447178,
   0.2463327498487391,
   7.905565672687056
  ]
 ],
 "templeR0015": [
  [
   0.9990815427573845,
   -0.041875371747886476,
   0.009084281066811216,
   -0.09769757743551866
  ],
  [
   0.0371048256962525,
   0.9515099290587672,
   0.30537204654753586,
   -3.122291456707453
  ],
  [
   -0.0214313516040224,
   -0.3047545047141322,
   0.9521897862426737,
   0.39629240088525836
  ]
 ],
 "templeR0017": [
  [
   0.9795766508419511,
   -0.18006545145387762,
   0.08947635619523954,
   -0.8695264163119912
  ],
  [
   0.0754291112453834,
   0.7415854964010462,
   0.6666043809519596,
   -6.76843367310325
  ],
  [
   -0.1863867868224508,
   -0.6462409649042103,
   0.7400220138466674,
   2.4055807733792722
  ]
 ],
 "templeR0019": [
  [
   -0.92295565209218,
   -0.2690235682358394,
   0.2752801918132786,
   -2.6149872120984554
  ],
  [
   -0.09645821485786553,
   -0.5307069154328394,
   -0.8420486819051467,
   8.573093437026744
  ],
  [
   0.3726240425113933,
   -0.8037266261891649,
   0.46386941405642335,
   -13.73125363897449
  ]
 ],
 "templeR0021": [
  [
   0.9676344365330835,
   -0.25173301811373644,
   0.017722438507478913,
   -0.13378862476063955
  ],
  [
   0.1442954088561234,
   0.6095352035396749,
   0.7795163055567801,
   -8.150745849577815
  ],
  [
   -0.20703244242955338,
   -0.7517295545854216,
   0.6261311719954992,
   3.6272947000757054
  ]
 ]
}