{
 "templeR0032": [
  [
   1.0,
   0.0,
   0.0,
   0.0
  ],
  [
   0.0,
   1.0,
   0.0,
   0.0
  ],
  [
   0.0,
   0.0,
   1.0,
   0.0
  ]
 ],
 "templeR0047": [
  [
   0.9999595522983912,
   -0.008229416630065808,
   -0.003629114097185536,
   0.031151734133296385
  ],
  [
   0.0077667633785406046,
   0.9935666700213425,
   -0.1129820764958869,
   0.9974950524941611
  ],
  [
   0.00453554338788272,
   0.11294932016010387,
   0.9935903984648538,
   0.0635073988615445
  ]
 ],
 "templeR0033": [
  [
   0.9969607647985959,
   -0.0005059521938330491,
   0.0779036421778629,
   -0.6805520424341218
  ],
  [
   -0.011256096409507012,
   0.988550719086824,
   0.15046852191253537,
   -1.335648955394018
  ],
  [
   -0.07708783137317347,
   -0.1508881035910413,
   0.9855405858963295,
   0.0712821077838779
  ]
 ],
 "templeR0034": [
  [
   0.9974622956687583,
   0.004774917446020153,
   0.07103639125542778,
   -0.6171665054118285
  ],
  [
   -0.023975077007931063,
   0.9620031137425505,
   0.271983831931424,
   -2.436942385218445
  ],
  [
   -0.06703852923263083,
   -0.27299672033381833,
   0.9596763132876129,
   0.27855834103596727
  ]
 ],
 "templeR0035": [
  [
   0.998880611492997,
   0.023224096356613544,
   0.04120880163017615,
   -0.3584493492935311
  ],
  [
   -0.0372923149632606,
   0.9225755861394819,
   0.38400985808188887,
   -3.456181547255786
  ],
  [
   -0.029099952372082127,
   -0.38511677346982714,
   0.9224089459475837,
   0.6090666687502688
  ]
 ],
 "templeR0036": [
  [
   0.9985577094042126,
   0.03888277329769625,
   0.03702203303564025,
   -0.32181535813767936
  ],
  [
   -0.052295918775098704,
   0.8604745359987697,
   0.5068024366330242,
   -4.567214183744508
  ],
  [
   -0.012150632447751723,
   -0.5080075814772671,
   0.861266892021711,
   1.1192199423793256
  ]
 ],
 "templeR0046": [
  [
   -0.9971499841893993,
   0.00031002761063460803,
   -0.0754441045672978,
   0.655230788067152
  ],
  [
   -0.01957006351129105,
   -0.9668258017383753,
   0.2546858490515554,
   -2.2721282073366695
  ],
  [
   -0.07286234723946763,
   0.2554364362729567,
   0.9640764001773546,
   -17.049165685925253
  ]
 ],
 "templeR0045": [
  [
   -0.9958337300580818,
   -0.021335092672444732,
   -0.08865661791014565,
   0.7808637636341403
  ],
  [
   0.0002534120765464269,
   -0.9728877555983027,
   0.23127764870219686,
   -2.0946742007580275
  ],
  [
   -0.09118726808566438,
   0.23029161692852718,
   0.968839849155431,
   -17.340303384465596
  ]
 ],
 "templeR0044": [
  [
   -0.9943882505057317,
   -0.048779188957390585,
   -0.0938754386450966,
   0.8493859253057046
  ],
  [
   0.028520215028168205,
   -0.9781075890075602,
   0.20613622112710966,
   -1.9015841102314242
  ],
  [
   -0.10187543664150432,
   0.20230208859642745,
   0.9740098871975714,
   -17.613867204871582
  ]
 ],
 "templeR0037": [
  [
   0.9977665441753558,
   0.051996574402645476,
   0.041931844399666074,
   -0.3658766091017744
  ],
  [
   -0.06678360456970378,
   0.7893809536279244,
   0.6102603216744032,
   -5.508928777135009
  ],
  [
   -0.0013687530986606668,
   -0.611697691919676,
   0.7910904248030663,
   1.7447563351068358
  ]
 ],
 "templeR0038": [
  [
   0.9966060320112256,
   0.06666587238026372,
   0.04829159780560714,
   -0.42346541413213956
  ],
  [
   -0.08126840173290245,
   0.7033736793663182,
   0.7061592696088238,
   -6.382718736829801
  ],
  [
   0.013109684916873764,
   -0.7076871686235849,
   0.7064042805128761,
   2.494960650050158
  ]
 ],
 "templeR0043": [
  [
   -0.9893408288813252,
   -0.0840010269047736,
   -0.11894768508615759,
   1.0854270928710767
  ],
  [
   0.0614759789528821,
   -0.981419922157571,
   0.1817570917571358,
   -1.7047625511716908
  ],
  [
   -0.13200541019290463,
   0.17250728642921317,
   0.9761228446300354,
   -17.847986908833512
  ]
 ],
 "templeR0039": [
  [
   0.9952692466383477,
   0.07625570737303711,
   0.0602012773035067,
   -0.5292334637630227
  ],
  [
   -0.09416980985167911,
   0.6047433711176553,
   0.7908334224106569,
   -7.155775054549631
  ],
  [
   0.023899238658053077,
   -0.7927613273755801,
   0.6090634648452277,
   3.3703903819471113
  ]
 ],
 "templeR0042": [
  [
   -0.9775012394230393,
   -0.1575300801852856,
   -0.1402697428643805,
   1.2661841189553769
  ],
  [
   0.14036263247896683,
   -0.9821903970632955,
   0.12490138237914138,
   -1.191414899743058
  ],
  [
   -0.1574473192213714,
   0.10240262571566945,
   0.9822036672282083,
   -17.732725938932987
  ]
 ],
 "templeR0013": [
  [
   0.9765833492531489,
   0.13480335363044943,
   0.16766937052272288,
   -1.6756252261489741
  ],
  [
   -0.1189104210806576,
   0.9877026602924277,
   -0.10150747070872085,
   1.164956163657497
  ],
  [
   -0.17929103078493033,
   0.07919287026775276,
   0.9806034955979058,
   -17.855641406063402
  ]
 ],
 "templeR0014": [
  [
   0.9820606114607916,
   0.1318723193339681,
   0.13478370380255908,
   -1.3771912296900715
  ],
  [
   -0.12831170100933614,
   0.9911227902368727,
   -0.03480979829253181,
   0.5443988685146424
  ],
  [
   -0.1381776494276363,
   0.016891005492745713,
   0.9902634150225369,
   -18.139648332829783
  ]
 ],
 "templeR0015": [
  [
   0.9825338971774702,
   0.11527151211555957,
   0.1460808659333753,
   -1.4867762573820176
  ],
  [
   -0.12625201854267917,
   0.9896482486224142,
   0.0682405437587314,
   -0.42031686138702845
  ],
  [
   -0.13670248246155356,
   -0.08549165159932717,
   0.9869162116388949,
   -18.141270419441142
  ]
 ],
 "templeR0016": [
  [
   0.9854807471187518,
   0.10082201673176068,
   0.13661119280793696,
   -1.3986585504098639
  ],
  [
   -0.12412395181829229,
   0.9768025537891751,
   0.17449932806734755,
   -1.4169843960234232
  ],
  [
   -0.1158487878368911,
   -0.18892244930946164,
   0.9751345376426972,
   -18.035620892549623
  ]
 ],
 "templeR0017": [
  [
   0.9871687346347531,
   0.08846810527300425,
   0.1329333807176554,
   -1.3647991535656723
  ],
  [
   -0.12235500295799734,
   0.9539940908393149,
   0.2737234514885737,
   -2.3459017184435704
  ],
  [
   -0.10260186455795497,
   -0.28647629743675784,
   0.952577654785245,
   -17.85791220078069
  ]
 ],
 "templeR0018": [
  [
   0.9895630510883378,
   0.08405314248444007,
   0.11704715784345374,
   -1.2083911605057358
  ],
  [
   -0.12110875882103278,
   0.9252714579049761,
   0.3594515234676698,
   -3.142183695334341
  ],
  [
   -0.07808736426316917,
   -0.3698753822909688,
   0.9257940187307006,
   -17.6224183861318
  ]
 ],
 "templeR0019": [
  [
   -0.9834988186091239,
   -0.16762500995445892,
   0.06805828261295825,
   -0.660318733209096
  ],
  [
   0.11380050276840302,
   -0.8656482784860166,
   -0.4875474372036578,
   4.367489612945619
  ],
  [
   0.1406396791951562,
   -0.47175726172679466,
   0.8704398696313952,
   -0.5362678643531562
  ]
 ],
 "templeR0020": [
  [
   0.9791309412269893,
   0.006118086787240004,
   0.20313830004707142,
   -2.0853038510335953
  ],
  [
   -0.11271880884839408,
   0.8480646673233265,
   0.5177651882558104,
   -4.625973854873129
  ],
  [
   -0.169106682492885,
   -0.5298574233242744,
   0.8310559793927309,
   -16.646818032404678
  ]
 ],
 "templeR0021": [
  [
   0.9865155935548293,
   -0.0052302532383176545,
   0.16358370372450246,
   -1.703144345196758
  ],
  [
   -0.0967748685216229,
   0.7874061296345441,
   0.6087907783767507,
   -5.491454539783122
  ],
  [
   -0.13199094096105737,
   -0.6164123875012656,
   0.7762822682756603,
   -16.190454641900438
  ]
 ],
 "templeR0022": [
  [
   0.9913327711317744,
   -0.012597654463126065,
   0.130769400022424,
   -1.3849341215477766
  ],
  [
   -0.08138409888174201,
   0.722507035134785,
   0.6865567803393609,
   -6.229851291727407
  ],
  [
   -0.10313081658458784,
   -0.6912487853752585,
   0.7152196525458636,
   -15.699178469995264
  ]
 ],